work_type_id,category,category_num,code,code_num,sort_order,active,notes
01a018e2-6073-71ff-827b-587e9d53be65,General,1,ShutDown,0,0,true,Code # proposed (was blank in the master sheet) - see Data Issues.
01a018e2-6073-71ff-827b-587e9d53be65,General,1,Startup,1,1,true,
01a018e2-6073-71ff-827b-587e9d53be65,General,1,General Dredge Maintenance,2,2,true,
01a018e2-6073-71ff-827b-587e9d53be65,General,1,Mobilize to New Areas,3,3,true,
01a018e2-6073-71ff-827b-587e9d53be65,General,1,Subcontractor,4,4,true,
01a018e2-6073-71ff-827b-587e9d53be65,General,1,Debris Management,5,5,true,
01a018e2-6073-71ff-827b-587e9d53be65,Mechanical,20,Wash Pipeline,20,20,true,
01a018e2-6073-71ff-827b-587e9d53be65,Mechanical,20,Clean Cutterhead,21,21,true,
01a018e2-6073-71ff-827b-587e9d53be65,Mechanical,20,Clean/Repair Main Pump,22,22,true,
01a018e2-6073-71ff-827b-587e9d53be65,Mechanical,20,Change/Repair Cutterhead,23,23,true,
01a018e2-6073-71ff-827b-587e9d53be65,Mechanical,20,Service Water,24,24,true,
01a018e2-6073-71ff-827b-587e9d53be65,Mechanical,20,Spuds,25,25,true,
01a018e2-6073-71ff-827b-587e9d53be65,Mechanical,20,Generator,26,26,true,
01a018e2-6073-71ff-827b-587e9d53be65,Mechanical,20,Thruster,27,27,true,
01a018e2-6073-71ff-827b-587e9d53be65,Mechanical,20,Dredge Hydraulics,28,28,true,
01a018e2-6073-71ff-827b-587e9d53be65,Mechanical,20,Engine Room,29,29,true,
01a018e2-6073-71ff-827b-587e9d53be65,Movement,30,Move Dredge,30,30,true,
01a018e2-6073-71ff-827b-587e9d53be65,Movement,30,Move Pipeline,31,31,true,
01a018e2-6073-71ff-827b-587e9d53be65,Movement,30,Repair/Replace Pipeline,32,32,true,
01a018e2-6073-71ff-827b-587e9d53be65,Movement,30,Add/Remove Pipeline,33,33,true,
01a018e2-6073-71ff-827b-587e9d53be65,Movement,30,Adjust Anchors/Line,34,34,true,
01a018e2-6073-71ff-827b-587e9d53be65,Survey/Sample,40,Sensors/DredgePack/GPS,40,40,true,
01a018e2-6073-71ff-827b-587e9d53be65,Survey/Sample,40,Survey,41,41,true,
01a018e2-6073-71ff-827b-587e9d53be65,Survey/Sample,40,Calibration,42,42,true,
01a018e2-6073-71ff-827b-587e9d53be65,Survey/Sample,40,Sampling,43,43,true,
01a018e2-6073-71ff-827b-587e9d53be65,Booster/Land Plant,50,Clean/Repair Booster Pump,50,50,true,
01a018e2-6073-71ff-827b-587e9d53be65,Booster/Land Plant,50,Service Water Booster Pump,51,51,true,
01a018e2-6073-71ff-827b-587e9d53be65,Booster/Land Plant,50,Booster Generator,52,52,true,
01a018e2-6073-71ff-827b-587e9d53be65,Booster/Land Plant,50,Sediment Processing,53,53,true,
01a018e2-6073-71ff-827b-587e9d53be65,Booster/Land Plant,50,Water Treament Plant,54,54,true,
01a018e2-6073-71ff-827b-587e9d53be65,Booster/Land Plant,50,Dewatering,55,55,true,
01a018e2-6073-71ff-827b-587e9d53be65,Booster/Land Plant,50,CDF,56,56,true,
01a018e2-6073-71ff-827b-587e9d53be65,Booster/Land Plant,50,Land Booster,57,57,true,
01a018e2-6073-71ff-827b-587e9d53be65,Booster/Land Plant,50,Sand Wheel,58,58,true,
01a018e2-6073-71ff-827b-587e9d53be65,Misc,90,Water Quality,90,90,true,
01a018e2-6073-71ff-827b-587e9d53be65,Misc,90,Weather,91,91,true,
01a018e2-6073-71ff-827b-587e9d53be65,Misc,90,Miscellaneous,92,92,true,
01a018e2-6073-71ff-827b-587e9d53be65,Misc,90,Turbidity,93,93,true,
01a018e2-6073-71ff-827b-587e9d53be65,Misc,90,Safety,94,94,true,
01a018e2-6073-71ff-827b-587e9d53be65,Misc,90,Pressure Testing,95,95,true,
01a018e2-6073-71ff-827b-587e9d53be65,Operational Change,,Operational Change,996,996,true,
01a018e2-7435-72f9-b44a-b7453fa3faf2,General,201,ShutDown,200,200,true,Code # proposed (was blank in the master sheet) - see Data Issues.
01a018e2-7435-72f9-b44a-b7453fa3faf2,General,201,Startup,201,201,true,
01a018e2-7435-72f9-b44a-b7453fa3faf2,General,201,Maintenance,202,202,true,
01a018e2-7435-72f9-b44a-b7453fa3faf2,General,201,Mobilize Spreader to New Area,203,203,true,
01a018e2-7435-72f9-b44a-b7453fa3faf2,General,201,Subcontractor,204,204,true,
01a018e2-7435-72f9-b44a-b7453fa3faf2,General,201,Debris Management,205,205,true,
01a018e2-7435-72f9-b44a-b7453fa3faf2,Mechanical,220,Wash Pipeline,220,220,true,
01a018e2-7435-72f9-b44a-b7453fa3faf2,Mechanical,220,Clean/Repair Spinners,221,221,true,
01a018e2-7435-72f9-b44a-b7453fa3faf2,Mechanical,220,Belt/Belt Scales,222,222,true,
01a018e2-7435-72f9-b44a-b7453fa3faf2,Mechanical,220,Separators,223,223,true,
01a018e2-7435-72f9-b44a-b7453fa3faf2,Mechanical,220,Shaker Screen,224,224,true,
01a018e2-7435-72f9-b44a-b7453fa3faf2,Mechanical,220,Spuds,225,225,true,
01a018e2-7435-72f9-b44a-b7453fa3faf2,Mechanical,220,Generator,226,226,true,
01a018e2-7435-72f9-b44a-b7453fa3faf2,Mechanical,220,Slurry Tank,227,227,true,
01a018e2-7435-72f9-b44a-b7453fa3faf2,Mechanical,220,Clear Debris from Tanks/Pumps,228,228,true,
01a018e2-7435-72f9-b44a-b7453fa3faf2,Mechanical,220,Dozer/Island Equipment,229,229,true,
01a018e2-7435-72f9-b44a-b7453fa3faf2,Movement,230,Move Spreader,230,230,true,
01a018e2-7435-72f9-b44a-b7453fa3faf2,Movement,230,Move Pipeline,231,231,true,
01a018e2-7435-72f9-b44a-b7453fa3faf2,Movement,230,Repair/Replace Pipeline,232,232,true,
01a018e2-7435-72f9-b44a-b7453fa3faf2,Movement,230,Add/Remove Pipeline,233,233,true,
01a018e2-7435-72f9-b44a-b7453fa3faf2,Movement,230,Adjust Anchors/Line,234,234,true,
01a018e2-7435-72f9-b44a-b7453fa3faf2,Movement,230,Traverse Winch,235,235,true,
01a018e2-7435-72f9-b44a-b7453fa3faf2,Movement,230,Positioning Winch,236,236,true,
01a018e2-7435-72f9-b44a-b7453fa3faf2,Movement,230,Reset Guide Barge,237,237,true,
01a018e2-7435-72f9-b44a-b7453fa3faf2,Survey/Sample,240,Sensors/DredgePack/GPS,240,240,true,
01a018e2-7435-72f9-b44a-b7453fa3faf2,Survey/Sample,240,Survey,241,241,true,
01a018e2-7435-72f9-b44a-b7453fa3faf2,Survey/Sample,240,Calibration,242,242,true,
01a018e2-7435-72f9-b44a-b7453fa3faf2,Survey/Sample,240,Sampling/Poling,243,243,true,
01a018e2-7435-72f9-b44a-b7453fa3faf2,Booster/Land Plant,250,Clean/Repair Booster Pump,250,250,true,
01a018e2-7435-72f9-b44a-b7453fa3faf2,Booster/Land Plant,250,Service Water Pump,251,251,true,
01a018e2-7435-72f9-b44a-b7453fa3faf2,Booster/Land Plant,250,Booster Generator,252,252,true,
01a018e2-7435-72f9-b44a-b7453fa3faf2,Booster/Land Plant,250,Land Plant,253,253,true,
01a018e2-7435-72f9-b44a-b7453fa3faf2,Booster/Land Plant,250,Water Intake Plant,254,254,true,
01a018e2-7435-72f9-b44a-b7453fa3faf2,Booster/Land Plant,250,Wait for Material Import,255,255,true,
01a018e2-7435-72f9-b44a-b7453fa3faf2,Barge/Material Transport,260,Change Barge,260,260,true,
01a018e2-7435-72f9-b44a-b7453fa3faf2,Barge/Material Transport,260,Rotate/Move Barge,261,261,true,
01a018e2-7435-72f9-b44a-b7453fa3faf2,Barge/Material Transport,260,Wait For Material Barge,262,262,true,
01a018e2-7435-72f9-b44a-b7453fa3faf2,Barge/Material Transport,260,Barge Maintenance,263,263,true,
01a018e2-7435-72f9-b44a-b7453fa3faf2,Barge/Material Transport,260,Pushboat Maintenance,264,264,true,
01a018e2-7435-72f9-b44a-b7453fa3faf2,Barge/Material Transport,260,Material_Handler/Excavator Maintenance,265,265,true,
01a018e2-7435-72f9-b44a-b7453fa3faf2,Barge/Material Transport,260,Bucket Maintenance,266,266,true,
01a018e2-7435-72f9-b44a-b7453fa3faf2,Barge/Material Transport,260,Fuel Equipment,267,267,true,
01a018e2-7435-72f9-b44a-b7453fa3faf2,Barge/Material Transport,260,Rub Rails,268,268,true,
01a018e2-7435-72f9-b44a-b7453fa3faf2,Misc,290,Water Quality,290,290,true,
01a018e2-7435-72f9-b44a-b7453fa3faf2,Misc,290,Weather,291,291,true,
01a018e2-7435-72f9-b44a-b7453fa3faf2,Misc,290,Miscellaneous,292,292,true,
01a018e2-7435-72f9-b44a-b7453fa3faf2,Misc,290,Turbidity,293,293,true,
01a018e2-7435-72f9-b44a-b7453fa3faf2,Misc,290,Safety,294,294,true,
01a018e2-7435-72f9-b44a-b7453fa3faf2,Operational Change,,Operational Change,998,998,true,
01a018e2-8cf6-7050-950c-24675705a1e4,General,101,ShutDown,100,100,true,Code # proposed (was blank in the master sheet) - see Data Issues.
01a018e2-8cf6-7050-950c-24675705a1e4,General,101,Startup,101,101,true,Code # proposed (was blank in the master sheet) - see Data Issues.
01a018e2-8cf6-7050-950c-24675705a1e4,General,101,Maintenance,102,102,true,
01a018e2-8cf6-7050-950c-24675705a1e4,General,101,Mobilize Plant to New Area,103,103,true,
01a018e2-8cf6-7050-950c-24675705a1e4,General,101,Subcontractor,104,104,true,
01a018e2-8cf6-7050-950c-24675705a1e4,General,101,Debris Management,105,105,true,
01a018e2-8cf6-7050-950c-24675705a1e4,General,101,Obstructions,110,110,true,
01a018e2-8cf6-7050-950c-24675705a1e4,Mechanical,120,HPU,120,120,true,
01a018e2-8cf6-7050-950c-24675705a1e4,Mechanical,120,Change/Repair Bucket,123,123,true,
01a018e2-8cf6-7050-950c-24675705a1e4,Mechanical,120,Spuds,125,125,true,
01a018e2-8cf6-7050-950c-24675705a1e4,Mechanical,120,Generator,126,126,true,
01a018e2-8cf6-7050-950c-24675705a1e4,Mechanical,120,Excavator Hydraulics,128,128,true,
01a018e2-8cf6-7050-950c-24675705a1e4,Mechanical,120,Excavator Repairs,129,129,true,
01a018e2-8cf6-7050-950c-24675705a1e4,Movement,130,Move Dredge Plant,130,130,true,
01a018e2-8cf6-7050-950c-24675705a1e4,Movement,130,Repair/Replace Pipeline,131,131,true,
01a018e2-8cf6-7050-950c-24675705a1e4,Movement,130,Add/Remove Pipeline,132,132,true,
01a018e2-8cf6-7050-950c-24675705a1e4,Movement,130,Move Pipeline,133,133,true,
01a018e2-8cf6-7050-950c-24675705a1e4,Survey/Sample,140,Sensors/DredgePack/GPS,140,140,true,
01a018e2-8cf6-7050-950c-24675705a1e4,Survey/Sample,140,Survey,141,141,true,
01a018e2-8cf6-7050-950c-24675705a1e4,Survey/Sample,140,Calibration,142,142,true,
01a018e2-8cf6-7050-950c-24675705a1e4,Survey/Sample,140,Sampling/Poling,143,143,true,
01a018e2-8cf6-7050-950c-24675705a1e4,Land Plant/Processing,150,Clean/Repair Booster Pump,150,150,true,
01a018e2-8cf6-7050-950c-24675705a1e4,Land Plant/Processing,150,Service Water Booster Pump,151,151,true,
01a018e2-8cf6-7050-950c-24675705a1e4,Land Plant/Processing,150,Booster Generator,152,152,true,
01a018e2-8cf6-7050-950c-24675705a1e4,Land Plant/Processing,150,Sediment Processing,153,153,true,
01a018e2-8cf6-7050-950c-24675705a1e4,Land Plant/Processing,150,Water Treatment Plant,154,154,true,
01a018e2-8cf6-7050-950c-24675705a1e4,Land Plant/Processing,150,Dewatering,155,155,true,
01a018e2-8cf6-7050-950c-24675705a1e4,Barge/Material Transport,160,Change Barge,160,160,true,
01a018e2-8cf6-7050-950c-24675705a1e4,Barge/Material Transport,160,Rotate/Move Barge,161,161,true,
01a018e2-8cf6-7050-950c-24675705a1e4,Barge/Material Transport,160,Wait on Barge,162,162,true,
01a018e2-8cf6-7050-950c-24675705a1e4,Barge/Material Transport,160,Barge Maintenance,163,163,true,
01a018e2-8cf6-7050-950c-24675705a1e4,Barge/Material Transport,160,Pushboat Maintenance,164,164,true,
01a018e2-8cf6-7050-950c-24675705a1e4,Barge/Material Transport,160,Material_Handler/Excavator Maintenance,165,165,true,
01a018e2-8cf6-7050-950c-24675705a1e4,Barge/Material Transport,160,Bucket Maintenance,166,166,true,
01a018e2-8cf6-7050-950c-24675705a1e4,Barge/Material Transport,160,Fuel Equipment,167,167,true,
01a018e2-8cf6-7050-950c-24675705a1e4,Barge/Material Transport,160,Rub Rails,168,168,true,
01a018e2-8cf6-7050-950c-24675705a1e4,Barge/Material Transport,160,Clean/Repair Slurry Tank,169,169,true,
01a018e2-8cf6-7050-950c-24675705a1e4,Misc,190,Water Quality,190,190,true,
01a018e2-8cf6-7050-950c-24675705a1e4,Misc,190,Weather,191,191,true,
01a018e2-8cf6-7050-950c-24675705a1e4,Misc,190,Miscellaneous,192,192,true,
01a018e2-8cf6-7050-950c-24675705a1e4,Misc,190,Turbidity,193,193,true,
01a018e2-8cf6-7050-950c-24675705a1e4,Misc,190,Safety,194,194,true,
01a018e2-8cf6-7050-950c-24675705a1e4,Booster/Land Plant,,Dredge Plant Boster,170,170,true,
01a018e2-8cf6-7050-950c-24675705a1e4,Booster/Land Plant,,Land Booster,171,171,true,
01a018e2-8cf6-7050-950c-24675705a1e4,Booster/Land Plant,,Service Water,172,172,true,
01a018e2-8cf6-7050-950c-24675705a1e4,Booster/Land Plant,,Sand Wheel,173,173,true,
01a018e2-8cf6-7050-950c-24675705a1e4,Booster/Land Plant,,Wash Pipeline,174,174,true,
01a018e2-8cf6-7050-950c-24675705a1e4,Operational Change,,Operational Change,997,997,true,
01a018e2-a53e-7f30-845e-f5ddae271428,General,301,ShutDown,300,300,true,Code # proposed (was 301 in the master sheet) - see Data Issues.
01a018e2-a53e-7f30-845e-f5ddae271428,General,301,Startup,301,301,true,
01a018e2-a53e-7f30-845e-f5ddae271428,General,301,Maintenance,302,302,true,
01a018e2-a53e-7f30-845e-f5ddae271428,General,301,Mobilize Plant to New Area,303,303,true,
01a018e2-a53e-7f30-845e-f5ddae271428,General,301,Subcontractor,304,304,true,
01a018e2-a53e-7f30-845e-f5ddae271428,General,301,Debris Management,305,305,true,
01a018e2-a53e-7f30-845e-f5ddae271428,Mechanical,320,Change/Repair Bucket,323,323,true,
01a018e2-a53e-7f30-845e-f5ddae271428,Mechanical,320,Spuds,325,325,true,
01a018e2-a53e-7f30-845e-f5ddae271428,Mechanical,320,Generator,326,326,true,
01a018e2-a53e-7f30-845e-f5ddae271428,Mechanical,320,Excavator Hydarulics,328,328,true,
01a018e2-a53e-7f30-845e-f5ddae271428,Mechanical,320,Excavator Repairs,329,329,true,
01a018e2-a53e-7f30-845e-f5ddae271428,Movement,330,Move Placement Plant,330,330,true,
01a018e2-a53e-7f30-845e-f5ddae271428,Survey/Sample,340,Sensors/DredgePack/GPS,340,340,true,
01a018e2-a53e-7f30-845e-f5ddae271428,Survey/Sample,340,Survey,341,341,true,
01a018e2-a53e-7f30-845e-f5ddae271428,Survey/Sample,340,Calibration,342,342,true,
01a018e2-a53e-7f30-845e-f5ddae271428,Survey/Sample,340,Sampling/Poling,343,343,true,
01a018e2-a53e-7f30-845e-f5ddae271428,Booster or Land Plant,350,Clean/Repair Booster Pump,350,350,true,
01a018e2-a53e-7f30-845e-f5ddae271428,Booster or Land Plant,350,Service Water Pump,351,351,true,
01a018e2-a53e-7f30-845e-f5ddae271428,Booster or Land Plant,350,Booster Generator,352,352,true,
01a018e2-a53e-7f30-845e-f5ddae271428,Booster or Land Plant,350,Land Plant,353,353,true,
01a018e2-a53e-7f30-845e-f5ddae271428,Booster or Land Plant,350,Water Intake Plant,354,354,true,
01a018e2-a53e-7f30-845e-f5ddae271428,Booster or Land Plant,350,Wait for Material Import,355,355,true,
01a018e2-a53e-7f30-845e-f5ddae271428,Barge/Material Transport,360,Change Barge,360,360,true,
01a018e2-a53e-7f30-845e-f5ddae271428,Barge/Material Transport,360,Rotate/Move Barge,361,361,true,
01a018e2-a53e-7f30-845e-f5ddae271428,Barge/Material Transport,360,Wait on Barge,362,362,true,
01a018e2-a53e-7f30-845e-f5ddae271428,Barge/Material Transport,360,Barge Maintenance,363,363,true,
01a018e2-a53e-7f30-845e-f5ddae271428,Barge/Material Transport,360,Pushboat Maintenance,364,364,true,
01a018e2-a53e-7f30-845e-f5ddae271428,Barge/Material Transport,360,Material_Handler/Excavator Maintenance,365,365,true,
01a018e2-a53e-7f30-845e-f5ddae271428,Barge/Material Transport,360,Bucket Maintenance,366,366,true,
01a018e2-a53e-7f30-845e-f5ddae271428,Barge/Material Transport,360,Fuel Equipment,367,367,true,
01a018e2-a53e-7f30-845e-f5ddae271428,Barge/Material Transport,360,Rub Rails,368,368,true,
01a018e2-a53e-7f30-845e-f5ddae271428,Misc,390,Water Quality,390,390,true,
01a018e2-a53e-7f30-845e-f5ddae271428,Misc,390,Weather,391,391,true,
01a018e2-a53e-7f30-845e-f5ddae271428,Misc,390,Miscellaneous,392,392,true,
01a018e2-a53e-7f30-845e-f5ddae271428,Misc,390,Turbidity,393,393,true,
01a018e2-a53e-7f30-845e-f5ddae271428,Misc,390,Safety,394,394,true,
01a018e2-a53e-7f30-845e-f5ddae271428,Project Specific,,Belt Maintenance,370,370,true,
01a018e2-a53e-7f30-845e-f5ddae271428,Project Specific,,Roller Maintenance,371,371,true,
01a018e2-a53e-7f30-845e-f5ddae271428,Project Specific,,Clean Hopper,372,372,true,
01a018e2-a53e-7f30-845e-f5ddae271428,Project Specific,,Move Plant,373,373,true,
01a018e2-a53e-7f30-845e-f5ddae271428,Project Specific,,Loading Excavator,374,374,true,
01a018e2-a53e-7f30-845e-f5ddae271428,Project Specific,,Wheel Loader,375,375,true,
01a018e2-a53e-7f30-845e-f5ddae271428,Project Specific,,Import Truck Delay,376,376,true,
01a018e2-a53e-7f30-845e-f5ddae271428,Project Specific,,Other Contractor Delay,377,377,true,
01a018e2-a53e-7f30-845e-f5ddae271428,Operational Change,,Operational Change,999,999,true,
