project_id,delay_code_id,work_type_id,category,code,code_num,active,sort_order
01a01918-db42-71fd-a1ca-db69dd8d010f,01a018fe-62c1-77af-ac29-ac92f73bf9b3,,,,,true,300
01a01918-db42-71fd-a1ca-db69dd8d010f,01a018fe-62c4-7fdd-8be2-7313e2e5a461,,,,,true,301
01a01918-db42-71fd-a1ca-db69dd8d010f,01a018fe-62c6-7639-8bd6-c038b02a8406,,,,,true,302
01a01918-db42-71fd-a1ca-db69dd8d010f,01a018fe-62c9-70a5-96b8-cf484264d92a,,,,,true,303
01a01918-db42-71fd-a1ca-db69dd8d010f,01a018fe-62cb-7aac-a130-08ee22210637,,,,,true,304
01a01918-db42-71fd-a1ca-db69dd8d010f,01a018fe-62cd-7a97-87aa-ebce09c7834c,,,,,true,305
01a01918-db42-71fd-a1ca-db69dd8d010f,01a018fe-62d0-74c9-9438-c4b8e3abffa3,,,,,true,323
01a01918-db42-71fd-a1ca-db69dd8d010f,01a018fe-62d2-729e-af77-102f7d061c95,,,,,true,325
01a01918-db42-71fd-a1ca-db69dd8d010f,01a018fe-62d4-7137-bf23-664986d4c953,,,,,true,326
01a01918-db42-71fd-a1ca-db69dd8d010f,01a018fe-62d7-7abc-b287-c61b103c8ade,,,,,true,328
01a01918-db42-71fd-a1ca-db69dd8d010f,01a018fe-62d9-7a79-9d2c-13951047ddf8,,,,,true,329
01a01918-db42-71fd-a1ca-db69dd8d010f,01a018fe-62dc-771c-9b32-c87625052b46,,,,,true,330
01a01918-db42-71fd-a1ca-db69dd8d010f,01a018fe-62de-75cf-87a1-2a81e46ec046,,,,,true,340
01a01918-db42-71fd-a1ca-db69dd8d010f,01a018fe-62e0-768a-83f6-c350758f5c35,,,,,true,341
01a01918-db42-71fd-a1ca-db69dd8d010f,01a018fe-62e3-7978-b0b4-df47b5f2f111,,,,,true,342
01a01918-db42-71fd-a1ca-db69dd8d010f,01a018fe-62e5-758c-b5c4-65fb0f5e8886,,,,,true,343
01a01918-db42-71fd-a1ca-db69dd8d010f,01a018fe-62e8-708d-8a7d-0ce0e4d9e792,,,,,true,350
01a01918-db42-71fd-a1ca-db69dd8d010f,01a018fe-62ea-7195-afb5-6182c870d600,,,,,true,351
01a01918-db42-71fd-a1ca-db69dd8d010f,01a018fe-62ec-7dc7-a93a-e8aaa93cd14f,,,,,true,352
01a01918-db42-71fd-a1ca-db69dd8d010f,01a018fe-62ef-743b-9795-6fe36dea7354,,,,,true,353
01a01918-db42-71fd-a1ca-db69dd8d010f,01a018fe-62f1-7cd4-837e-835e44579e13,,,,,true,354
01a01918-db42-71fd-a1ca-db69dd8d010f,01a018fe-62f4-7585-8b7b-f2d04dc87c62,,,,,true,355
01a01918-db42-71fd-a1ca-db69dd8d010f,01a018fe-62f6-7ba2-948c-5370015ce4e5,,,,,true,360
01a01918-db42-71fd-a1ca-db69dd8d010f,01a018fe-62f9-74f3-a01b-256e4d47d3c1,,,,,true,361
01a01918-db42-71fd-a1ca-db69dd8d010f,01a018fe-62fb-7ca1-a54d-926016db0ee9,,,,,true,362
01a01918-db42-71fd-a1ca-db69dd8d010f,01a018fe-62fe-7b5c-8b0b-f95ded198543,,,,,true,363
01a01918-db42-71fd-a1ca-db69dd8d010f,01a018fe-6300-7830-af90-61382dd153bf,,,,,true,364
01a01918-db42-71fd-a1ca-db69dd8d010f,01a018fe-6302-7211-b6d6-f1dbbdbb9df4,,,,,true,365
01a01918-db42-71fd-a1ca-db69dd8d010f,01a018fe-6305-72b9-9540-78293f40a942,,,,,true,366
01a01918-db42-71fd-a1ca-db69dd8d010f,01a018fe-6307-7dcd-8108-a623ecb7b936,,,,,true,367
01a01918-db42-71fd-a1ca-db69dd8d010f,01a018fe-630a-7f2d-bbfe-66701fa4db20,,,,,true,368
01a01918-db42-71fd-a1ca-db69dd8d010f,01a018fe-6318-7810-b2c2-a198dc8b9f2a,,,,,true,370
01a01918-db42-71fd-a1ca-db69dd8d010f,01a018fe-631b-7862-b4ce-d11551e959ec,,,,,true,371
01a01918-db42-71fd-a1ca-db69dd8d010f,01a018fe-631d-79c4-8036-bd2b1fabf04b,,,,,true,372
01a01918-db42-71fd-a1ca-db69dd8d010f,01a018fe-631f-7339-b0dd-583188f6765e,,,,,true,373
01a01918-db42-71fd-a1ca-db69dd8d010f,01a018fe-6322-7b3f-8553-c21f79f9fac2,,,,,true,374
01a01918-db42-71fd-a1ca-db69dd8d010f,01a018fe-6324-72f0-ad4a-05900dba90d7,,,,,true,375
01a01918-db42-71fd-a1ca-db69dd8d010f,01a018fe-6327-7346-b707-03bff8078dbd,,,,,true,376
01a01918-db42-71fd-a1ca-db69dd8d010f,01a018fe-6329-778c-a199-e5cd1ff29a67,,,,,true,377
01a01918-db42-71fd-a1ca-db69dd8d010f,01a018fe-630c-728b-88cc-329cba17fc0a,,,,,true,390
01a01918-db42-71fd-a1ca-db69dd8d010f,01a018fe-630f-7a34-b13f-0d8e3825a8ec,,,,,true,391
01a01918-db42-71fd-a1ca-db69dd8d010f,01a018fe-6311-7017-8641-64ac9439baf3,,,,,true,392
01a01918-db42-71fd-a1ca-db69dd8d010f,01a018fe-6313-74e7-82db-e08a85c607c0,,,,,true,393
01a01918-db42-71fd-a1ca-db69dd8d010f,01a018fe-6316-7e9d-8396-95b68f739122,,,,,true,394
01a01918-db42-71fd-a1ca-db69dd8d010f,01a018fe-632c-767c-a138-3989fff28213,,,,,true,999
01a01918-db40-764e-b088-960964c8724a,01a018fe-61bd-74af-a85e-23ce89a0a8f2,,,,,true,200
01a01918-db40-764e-b088-960964c8724a,01a018fe-61c0-7b79-b91c-8823dc09198c,,,,,true,201
01a01918-db40-764e-b088-960964c8724a,01a018fe-61c3-74c9-8291-1dcca3956993,,,,,true,202
01a01918-db40-764e-b088-960964c8724a,01a018fe-61c6-78ab-8837-08c4c1f39f46,,,,,true,203
01a01918-db40-764e-b088-960964c8724a,01a018fe-61c9-7388-9788-685a7232f034,,,,,true,204
01a01918-db40-764e-b088-960964c8724a,01a018fe-61cd-707f-a1ad-4c234fc7256a,,,,,true,205
01a01918-db40-764e-b088-960964c8724a,01a018fe-61cf-7890-b390-6d3fe6165d16,,,,,true,220
01a01918-db40-764e-b088-960964c8724a,01a018fe-61d3-76c0-9462-4adee2b24004,,,,,true,221
01a01918-db40-764e-b088-960964c8724a,01a018fe-61d6-75a5-8c30-7cce92c7c012,,,,,true,222
01a01918-db40-764e-b088-960964c8724a,01a018fe-61d9-71a1-a794-8edbb688eb4e,,,,,true,223
01a01918-db40-764e-b088-960964c8724a,01a018fe-61dd-726f-983e-94409be8c8ac,,,,,true,224
01a01918-db40-764e-b088-960964c8724a,01a018fe-61e1-73d2-9fc4-6e19b6a78837,,,,,true,225
01a01918-db40-764e-b088-960964c8724a,01a018fe-61e4-73d6-931b-7ac7d78bb2be,,,,,true,226
01a01918-db40-764e-b088-960964c8724a,01a018fe-61e7-7882-8a36-4d4cc99b1ca8,,,,,true,227
01a01918-db40-764e-b088-960964c8724a,01a018fe-61e9-7a8e-a8b2-574c1a4f3554,,,,,true,228
01a01918-db40-764e-b088-960964c8724a,01a018fe-61ed-74f4-bdb8-9923c4ad1aa6,,,,,true,229
01a01918-db40-764e-b088-960964c8724a,01a018fe-61f0-7831-ba75-8245b7b1375d,,,,,true,230
01a01918-db40-764e-b088-960964c8724a,01a018fe-61f6-77db-8dd3-0e042cd77e45,,,,,true,231
01a01918-db40-764e-b088-960964c8724a,01a018fe-61f9-7596-ae7e-e6bfcb5b0ee3,,,,,true,232
01a01918-db40-764e-b088-960964c8724a,01a018fe-61fd-7748-bb0a-86681e3dd798,,,,,true,233
01a01918-db40-764e-b088-960964c8724a,01a018fe-6200-7ef9-a9dc-26237a849dac,,,,,true,234
01a01918-db40-764e-b088-960964c8724a,01a018fe-6203-7af5-98c8-89551567bc4b,,,,,true,235
01a01918-db40-764e-b088-960964c8724a,01a018fe-6205-7ce6-af66-ee2610f50bf1,,,,,true,236
01a01918-db40-764e-b088-960964c8724a,01a018fe-6208-7a28-9a9a-6a6e27d5abf4,,,,,true,237
01a01918-db40-764e-b088-960964c8724a,01a018fe-620b-7369-8e59-6745e3cceffd,,,,,true,240
01a01918-db40-764e-b088-960964c8724a,01a018fe-620d-7516-836e-9007381205c7,,,,,true,241
01a01918-db40-764e-b088-960964c8724a,01a018fe-6210-712c-995d-f220de4cdb4f,,,,,true,242
01a01918-db40-764e-b088-960964c8724a,01a018fe-6212-7374-bd0d-a7a75a4cc4bd,,,,,true,243
01a01918-db40-764e-b088-960964c8724a,01a018fe-6215-769e-a205-038836217991,,,,,true,250
01a01918-db40-764e-b088-960964c8724a,01a018fe-6217-79a3-82a2-2e47bf3bc995,,,,,true,251
01a01918-db40-764e-b088-960964c8724a,01a018fe-621a-7195-acc5-80b8ed6513c2,,,,,true,252
01a01918-db40-764e-b088-960964c8724a,01a018fe-621d-750c-b3e1-b7df77688fcf,,,,,true,253
01a01918-db40-764e-b088-960964c8724a,01a018fe-621f-7140-a2de-f2f13ecb4223,,,,,true,254
01a01918-db40-764e-b088-960964c8724a,01a018fe-6222-703b-a83d-6b15da8e6822,,,,,true,255
01a01918-db40-764e-b088-960964c8724a,01a018fe-6224-796f-b9c9-65e80c8b230f,,,,,true,260
01a01918-db40-764e-b088-960964c8724a,01a018fe-6227-7b04-a440-9e4681fa8c00,,,,,true,261
01a01918-db40-764e-b088-960964c8724a,01a018fe-6229-7269-b7ac-9ebb1b0da050,,,,,true,262
01a01918-db40-764e-b088-960964c8724a,01a018fe-622b-7fa0-adb5-7da03777c478,,,,,true,263
01a01918-db40-764e-b088-960964c8724a,01a018fe-622e-7d0e-bd78-a7c642c78f3c,,,,,true,264
01a01918-db40-764e-b088-960964c8724a,01a018fe-6230-7db9-9239-67590c3c5296,,,,,true,265
01a01918-db40-764e-b088-960964c8724a,01a018fe-6233-7619-b81b-edd5f684e108,,,,,true,266
01a01918-db40-764e-b088-960964c8724a,01a018fe-6235-7411-8afe-104541f6f07f,,,,,true,267
01a01918-db40-764e-b088-960964c8724a,01a018fe-6238-72c4-ab79-b9c0fcff9010,,,,,true,268
01a01918-db40-764e-b088-960964c8724a,01a018fe-623a-70e6-ad4e-c7d3a3593a44,,,,,true,290
01a01918-db40-764e-b088-960964c8724a,01a018fe-623c-7ec6-8afa-b10cb62fe571,,,,,true,291
01a01918-db40-764e-b088-960964c8724a,01a018fe-623f-7236-a0ba-0f35e4faa4c1,,,,,true,292
01a01918-db40-764e-b088-960964c8724a,01a018fe-6241-7574-aa04-e637b6a341b7,,,,,true,293
01a01918-db40-764e-b088-960964c8724a,01a018fe-6244-784b-a2f0-af3e58eda7b5,,,,,true,294
01a01918-db40-764e-b088-960964c8724a,01a018fe-6246-75bd-94b6-f0ef4fec54d1,,,,,true,998
01a01918-db41-7680-aee6-6d9fa986a28d,01a018fe-6249-7c7d-a09a-e437b997b24e,,,,,true,100
01a01918-db41-7680-aee6-6d9fa986a28d,01a018fe-624b-7e3e-b722-1e5587aa9d15,,,,,true,101
01a01918-db41-7680-aee6-6d9fa986a28d,01a018fe-624e-71dd-9dc9-19d3c659d109,,,,,true,102
01a01918-db41-7680-aee6-6d9fa986a28d,01a018fe-6250-731c-a2f0-b4c82da7eafa,,,,,true,103
01a01918-db41-7680-aee6-6d9fa986a28d,01a018fe-6252-7343-9352-a50eedefa8e2,,,,,true,104
01a01918-db41-7680-aee6-6d9fa986a28d,01a018fe-6255-7217-8d09-d00b37b25eaf,,,,,true,105
01a01918-db41-7680-aee6-6d9fa986a28d,01a018fe-6257-7146-a4bb-22f7eb0e5dd1,,,,,true,110
01a01918-db41-7680-aee6-6d9fa986a28d,01a018fe-625a-7c42-b187-5b1a0845391a,,,,,true,120
01a01918-db41-7680-aee6-6d9fa986a28d,01a018fe-625c-745b-8a19-dbc3b8b2d071,,,,,true,123
01a01918-db41-7680-aee6-6d9fa986a28d,01a018fe-625e-7503-9018-71891c5eccb2,,,,,true,125
01a01918-db41-7680-aee6-6d9fa986a28d,01a018fe-6261-7514-859e-6b15fb9e6113,,,,,true,126
01a01918-db41-7680-aee6-6d9fa986a28d,01a018fe-6263-7e6d-b296-8d82b368dcc7,,,,,true,128
01a01918-db41-7680-aee6-6d9fa986a28d,01a018fe-6266-7901-bc9f-4be3ec7eba8f,,,,,true,129
01a01918-db41-7680-aee6-6d9fa986a28d,01a018fe-6268-7b5f-b49e-e854a6ca7414,,,,,true,130
01a01918-db41-7680-aee6-6d9fa986a28d,01a018fe-626a-7581-99ef-34943767d6bd,,,,,true,131
01a01918-db41-7680-aee6-6d9fa986a28d,01a018fe-626d-7d52-b3f0-6b62ed329b50,,,,,true,132
01a01918-db41-7680-aee6-6d9fa986a28d,01a018fe-626f-791a-bd9e-11c055fba701,,,,,true,133
01a01918-db41-7680-aee6-6d9fa986a28d,01a018fe-6272-755f-afdd-d30ed11d9618,,,,,true,140
01a01918-db41-7680-aee6-6d9fa986a28d,01a018fe-6274-7ab0-aea8-4b4ebc67481b,,,,,true,141
01a01918-db41-7680-aee6-6d9fa986a28d,01a018fe-6277-7aa0-8cc0-e12b90d564a3,,,,,true,142
01a01918-db41-7680-aee6-6d9fa986a28d,01a018fe-6279-772b-821f-8f1314e9c3d6,,,,,true,143
01a01918-db41-7680-aee6-6d9fa986a28d,01a018fe-627b-799a-aee9-18a28ed61236,,,,,true,150
01a01918-db41-7680-aee6-6d9fa986a28d,01a018fe-627f-7c6c-95d7-a54c7c1e8126,,,,,true,151
01a01918-db41-7680-aee6-6d9fa986a28d,01a018fe-6282-7d66-9207-48d0272c7b09,,,,,true,152
01a01918-db41-7680-aee6-6d9fa986a28d,01a018fe-6284-7598-a0a6-2d045d5f24de,,,,,true,153
01a01918-db41-7680-aee6-6d9fa986a28d,01a018fe-6287-7d84-94f7-1155059abec0,,,,,true,154
01a01918-db41-7680-aee6-6d9fa986a28d,01a018fe-6289-76e2-ac3e-fb50a16beda0,,,,,true,155
01a01918-db41-7680-aee6-6d9fa986a28d,01a018fe-628c-7bb1-9e4f-b9f659da5083,,,,,true,160
01a01918-db41-7680-aee6-6d9fa986a28d,01a018fe-628e-73a0-8b72-acf4ee646df3,,,,,true,161
01a01918-db41-7680-aee6-6d9fa986a28d,01a018fe-6291-7279-9db0-57c38e0f0015,,,,,true,162
01a01918-db41-7680-aee6-6d9fa986a28d,01a018fe-6293-75c2-b026-8c044651956c,,,,,true,163
01a01918-db41-7680-aee6-6d9fa986a28d,01a018fe-6296-769f-b307-f8f40e6f9191,,,,,true,164
01a01918-db41-7680-aee6-6d9fa986a28d,01a018fe-6299-7261-adb5-643b40486aa6,,,,,true,165
01a01918-db41-7680-aee6-6d9fa986a28d,01a018fe-629b-7b33-a203-499832b73b3b,,,,,true,166
01a01918-db41-7680-aee6-6d9fa986a28d,01a018fe-629e-73f3-8ac1-292abf4bf10d,,,,,true,167
01a01918-db41-7680-aee6-6d9fa986a28d,01a018fe-62a0-77f9-b56f-149877f4dc49,,,,,true,168
01a01918-db41-7680-aee6-6d9fa986a28d,01a018fe-62a3-786b-a5ce-852d9ee2bd7d,,,,,true,169
01a01918-db41-7680-aee6-6d9fa986a28d,01a018fe-62b3-7a0a-9236-b0e7ec07261e,,,,,true,170
01a01918-db41-7680-aee6-6d9fa986a28d,01a018fe-62b5-7cd5-937d-93511961f518,,,,,true,171
01a01918-db41-7680-aee6-6d9fa986a28d,01a018fe-62b8-73cc-8bc4-c9665685fb15,,,,,true,172
01a01918-db41-7680-aee6-6d9fa986a28d,01a018fe-62ba-773a-ba14-bd2ef8a2ec69,,,,,true,173
01a01918-db41-7680-aee6-6d9fa986a28d,01a018fe-62bc-71d9-a01c-1ac9a72fe1ab,,,,,true,174
01a01918-db41-7680-aee6-6d9fa986a28d,01a018fe-62a6-73bf-a867-b18a24f67dfd,,,,,true,190
01a01918-db41-7680-aee6-6d9fa986a28d,01a018fe-62a9-7969-9c3d-5ed8df9a4242,,,,,true,191
01a01918-db41-7680-aee6-6d9fa986a28d,01a018fe-62ab-76a0-bd10-e068d32acc15,,,,,true,192
01a01918-db41-7680-aee6-6d9fa986a28d,01a018fe-62ae-7909-8b63-5a77f6f3ee25,,,,,true,193
01a01918-db41-7680-aee6-6d9fa986a28d,01a018fe-62b0-7652-9640-9f91a7d4ed8c,,,,,true,194
01a01918-db41-7680-aee6-6d9fa986a28d,01a018fe-62bf-7485-bf75-217d892e0bf2,,,,,true,997
01a01918-db27-7cf7-891e-9f203155d298,01a018fe-612b-76a4-a592-8e82595b791b,,,,,true,0
01a01918-db27-7cf7-891e-9f203155d298,01a018fe-613b-7f55-8431-c8a9acd4d19c,,,,,true,1
01a01918-db27-7cf7-891e-9f203155d298,01a018fe-6140-7792-8431-84ac5dc58b6f,,,,,true,2
01a01918-db27-7cf7-891e-9f203155d298,01a018fe-6145-7181-9e97-008d4d5a3a08,,,,,true,3
01a01918-db27-7cf7-891e-9f203155d298,01a018fe-614b-7ad8-929a-245c6cdcfbe6,,,,,true,4
01a01918-db27-7cf7-891e-9f203155d298,01a018fe-614f-7cb9-93a0-d2e7069b8539,,,,,true,5
01a01918-db27-7cf7-891e-9f203155d298,01a018fe-6153-734e-9a16-880aff32f439,,,,,true,20
01a01918-db27-7cf7-891e-9f203155d298,01a018fe-6157-73d3-9e2f-deb919a4abb8,,,,,true,21
01a01918-db27-7cf7-891e-9f203155d298,01a018fe-615a-7183-b3fc-01c6f5a7bcc1,,,,,true,22
01a01918-db27-7cf7-891e-9f203155d298,01a018fe-615d-7058-80e9-f3829122e2ee,,,,,true,23
01a01918-db27-7cf7-891e-9f203155d298,01a018fe-615f-7878-8d1e-4b648dadf032,,,,,true,24
01a01918-db27-7cf7-891e-9f203155d298,01a018fe-6162-77b5-a891-6759d0184e94,,,,,true,25
01a01918-db27-7cf7-891e-9f203155d298,01a018fe-6165-7952-9329-228363d737a6,,,,,true,26
01a01918-db27-7cf7-891e-9f203155d298,01a018fe-6168-7f6f-ae99-2b5c5ed814a3,,,,,true,27
01a01918-db27-7cf7-891e-9f203155d298,01a018fe-616b-7647-8516-33e9c7764198,,,,,true,28
01a01918-db27-7cf7-891e-9f203155d298,01a018fe-616e-71f1-b3e1-13393b5d4c97,,,,,true,29
01a01918-db27-7cf7-891e-9f203155d298,01a018fe-6170-7bfc-90e2-6007544c9f14,,,,,true,30
01a01918-db27-7cf7-891e-9f203155d298,01a018fe-6173-7206-b8ef-75c5bc425fc9,,,,,true,31
01a01918-db27-7cf7-891e-9f203155d298,01a018fe-6176-7ce6-841b-7067cd86823a,,,,,true,32
01a01918-db27-7cf7-891e-9f203155d298,01a018fe-6179-7241-8434-b597dbde19e3,,,,,true,33
01a01918-db27-7cf7-891e-9f203155d298,01a018fe-617b-7836-9610-7dfabe5378f5,,,,,true,34
01a01918-db27-7cf7-891e-9f203155d298,01a018fe-617e-7b48-802c-1e8ec209995f,,,,,true,40
01a01918-db27-7cf7-891e-9f203155d298,01a018fe-6181-7698-9840-2c7380806c64,,,,,true,41
01a01918-db27-7cf7-891e-9f203155d298,01a018fe-6184-7790-8ab3-1cf052b660f0,,,,,true,42
01a01918-db27-7cf7-891e-9f203155d298,01a018fe-6186-73bd-b186-a650b55697be,,,,,true,43
01a01918-db27-7cf7-891e-9f203155d298,01a018fe-6189-7059-91f3-6c196a7cdb3d,,,,,true,50
01a01918-db27-7cf7-891e-9f203155d298,01a018fe-618c-7911-8db6-2f0afcb4c321,,,,,true,51
01a01918-db27-7cf7-891e-9f203155d298,01a018fe-618e-7e08-8137-d4037f48964e,,,,,true,52
01a01918-db27-7cf7-891e-9f203155d298,01a018fe-6192-7769-b7ed-44c7322d03bc,,,,,true,53
01a01918-db27-7cf7-891e-9f203155d298,01a018fe-6195-7c34-bbd2-99fed03c9c83,,,,,true,54
01a01918-db27-7cf7-891e-9f203155d298,01a018fe-6199-7d7e-95dd-cd660326f67f,,,,,true,55
01a01918-db27-7cf7-891e-9f203155d298,01a018fe-619d-7a73-8b81-6c0a9b5dd401,,,,,true,56
01a01918-db27-7cf7-891e-9f203155d298,01a018fe-61a0-7142-b01a-1dfa7f26f307,,,,,true,57
01a01918-db27-7cf7-891e-9f203155d298,01a018fe-61a3-7544-8eda-2d0f98c9db48,,,,,true,58
01a01918-db27-7cf7-891e-9f203155d298,01a018fe-61a6-7a3c-8378-1946a1b2fbd2,,,,,true,90
01a01918-db27-7cf7-891e-9f203155d298,01a018fe-61a9-7c59-a24e-0bdd092e4f3a,,,,,true,91
01a01918-db27-7cf7-891e-9f203155d298,01a018fe-61ad-7e3f-9268-2ab61cf58fc0,,,,,true,92
01a01918-db27-7cf7-891e-9f203155d298,01a018fe-61b1-7623-a5eb-6162c662b30f,,,,,true,93
01a01918-db27-7cf7-891e-9f203155d298,01a018fe-61b5-7043-ba7b-3476c661fbb6,,,,,true,94
01a01918-db27-7cf7-891e-9f203155d298,01a018fe-61b7-7de7-9086-6835f46c6abc,,,,,true,95
01a01918-db27-7cf7-891e-9f203155d298,01a018fe-61ba-7885-8930-4f6f481f209a,,,,,true,996
